id_conteudo,data_publicacao
29,2023-06-11 02:37:45.430295
16,2024-12-15 02:37:45.430295
13,2024-02-15 02:37:45.430295
2,2022-10-03 02:37:45.430295
52,2022-06-24 02:37:45.430295
21,2022-09-24 02:37:45.430295
38,2024-02-20 02:37:45.430295
72,2023-05-17 02:37:45.430295
48,2023-07-11 02:37:45.430295
11,2022-08-10 02:37:45.430295
15,2024-01-26 02:37:45.430295
53,2022-12-08 02:37:45.430295
70,2023-02-03 02:37:45.430295
69,2022-11-05 02:37:45.430295
41,2024-08-14 02:37:45.430295
11,2024-10-12 02:37:45.430295
31,2023-02-23 02:37:45.430295
53,2023-04-22 02:37:45.430295
47,2024-02-25 02:37:45.430295
51,2024-12-03 02:37:45.430295
34,2024-04-26 02:37:45.430295
98,2023-02-11 02:37:45.430295
89,2022-06-18 02:37:45.430295
39,2022-08-09 02:37:45.430295
83,2022-09-12 02:37:45.430295
49,2023-04-06 02:37:45.430295
83,2023-08-27 02:37:45.430295
32,2024-03-15 02:37:45.430295
15,2023-07-04 02:37:45.430295
80,2024-01-07 02:37:45.430295
29,2023-10-10 02:37:45.430295
16,2022-12-18 02:37:45.430295
15,2023-07-22 02:37:45.430295
97,2023-12-03 02:37:45.430295
57,2024-03-26 02:37:45.430295
30,2024-11-20 02:37:45.430295
29,2024-10-27 02:37:45.430295
21,2024-01-04 02:37:45.430295
99,2024-03-10 02:37:45.430295
33,2024-10-05 02:37:45.430295
54,2024-03-30 02:37:45.430295
43,2024-06-07 02:37:45.430295
33,2023-06-15 02:37:45.430295
50,2023-05-09 02:37:45.430295
48,2022-09-28 02:37:45.430295
85,2023-06-20 02:37:45.430295
76,2024-02-28 02:37:45.430295
45,2023-04-18 02:37:45.430295
85,2022-07-12 02:37:45.430295
44,2023-06-10 02:37:45.430295
55,2024-12-25 02:37:45.430295
35,2024-04-02 02:37:45.430295
17,2022-04-27 02:37:45.430295
35,2023-08-04 02:37:45.430295
35,2022-09-22 02:37:45.430295
10,2024-08-16 02:37:45.430295
11,2022-11-05 02:37:45.430295
8,2023-07-06 02:37:45.430295
12,2022-12-15 02:37:45.430295
38,2024-10-22 02:37:45.430295
65,2022-11-12 02:37:45.430295
44,2024-02-06 02:37:45.430295
72,2023-08-06 02:37:45.430295
81,2023-03-12 02:37:45.430295
93,2024-05-10 02:37:45.430295
97,2022-05-14 02:37:45.430295
21,2024-08-30 02:37:45.430295
35,2022-10-23 02:37:45.430295
50,2022-10-01 02:37:45.430295
39,2023-12-21 02:37:45.430295
34,2022-06-24 02:37:45.430295
13,2022-06-21 02:37:45.430295
49,2023-11-20 02:37:45.430295
81,2023-11-06 02:37:45.430295
91,2022-12-09 02:37:45.430295
9,2023-08-13 02:37:45.430295
26,2024-11-15 02:37:45.430295
63,2022-12-29 02:37:45.430295
41,2023-02-06 02:37:45.430295
74,2023-04-23 02:37:45.430295
66,2022-10-20 02:37:45.430295
17,2022-12-16 02:37:45.430295
29,2023-03-01 02:37:45.430295
27,2022-12-02 02:37:45.430295
87,2024-09-28 02:37:45.430295
67,2022-04-20 02:37:45.430295
90,2022-08-20 02:37:45.430295
100,2024-05-31 02:37:45.430295
5,2024-09-01 02:37:45.430295
34,2024-12-03 02:37:45.430295
15,2022-05-10 02:37:45.430295
58,2022-06-16 02:37:45.430295
87,2024-07-26 02:37:45.430295
89,2023-07-01 02:37:45.430295
37,2022-06-11 02:37:45.430295
28,2024-10-19 02:37:45.430295
76,2024-06-28 02:37:45.430295
74,2022-06-24 02:37:45.430295
49,2023-09-19 02:37:45.430295
100,2024-09-17 02:37:45.430295
